	variant	difference
125	BM.1.1	38.4537556044493
127	BQ.1	19.078037362997208
