	variant	diff from line
125	BM.1.1	21.11038114847674
127	BQ.1	10.39936641232124
73	BA.5.2.34	1.109993410341029
74	BA.5.2.6	1.010496793606002
66	BA.5.2.24	1.0036764400824159
67	BA.5.2.26	0.9209354673273042
75	BA.5.2.7	0.9170526473542142
64	BA.5.2.22	0.8931560016586503
58	BA.5.2.16	0.8889007462942332
60	BA.5.2.19	0.8852257774016047
